epoch,loss_d,loss_g,lae
0.9977924944812362,2.9835963249206543,0.8986204266548157,1.1755303144454956
